region,variant_count
20:46684364-46687231,74
7:87322942-87325444,48
17:43067273-43067695,32
7:87339148-87341684,30
15:43403060-43407570,27
17:43047642-43048473,24
3:179196018-179199177,24
13:32375910-32376791,23
17:7661778-7662014,19
17:43097492-43097586,19
12:25230482-25230621,18
7:87329934-87330094,17
17:7674525-7674971,15
17:43124736-43125364,14
12:25227233-25227997,13
13:32374961-32375210,12
3:179202976-179203789,12
17:7685248-7687523,11
3:179218209-179219735,11
13:32375342-32375406,10
17:7675052-7675493,10
17:43112486-43112606,9
17:43170125-43170245,9
17:7666085-7666244,8
17:43110464-43110580,8
17:43121557-43121676,8
12:25228774-25228891,7
17:43044980-43045802,7
1:223818205-223818337,6
13:32395990-32396116,6
3:179132768-179132871,6
15:43415221-43415809,5
17:43049120-43050409,5
17:43079333-43079399,5
17:43104867-43106139,5
3:179233288-179233371,5
7:55179749-55182477,5
17:43119120-43119265,4
3:179234093-179240093,4
13:32324657-32324826,3
13:32336264-32341196,3
17:43114390-43114633,3
11:44950676-44950894,2
17:43122342-43122880,2
2:24085656-24085861,2
3:179220985-179221157,2
7:55152545-55152664,2
7:87326262-87326449,2
1:223795814-223796590,1
1:223802730-223803223,1
11:44938206-44938417,1
11:44941002-44941077,1
11:44947038-44947253,1
11:128934730-128935044,1
12:25232557-25235226,1
13:32316071-32316157,1
13:32332271-32333387,1
13:32354860-32355288,1
16:32675463-32675711,1
17:7675993-7676272,1
17:7676381-7676622,1
17:43070343-43071238,1
17:43076487-43076614,1
17:43082403-43082575,1
17:43091097-43094860,1
17:43124016-43124339,1
2:24077432-24077761,1
3:179219948-179220052,1
3:179226881-179229442,1
7:55019016-55019365,1
7:55146605-55146740,1
7:55155829-55156659,1
7:55198271-55198863,1
